X,Date,Project.Title,Agency,EIS.production.cost.included.on.front.cover...report...amount.or.state..no..,EJ.Community.present.,Low.Income.Community.Present.,Minority.Community.Present.,Are.there.disproportionate.impacts.,If.there.are.impacts..what.are.they.doing.to.mitigate.,Action.Type.,Decision.Type.,Notes,X.1,Total.Time.for.all.20..just.for.the.1st.20.don.t.record.how.long.the.1st.5.take.you.,Total.Time,X3.hours,X3hrs,X2.hours,X1.hr.30.min
1st 5,10/10/2014,75th Street Corridor Improvement Project,Federal Highway Administration,no,Yes,Yes,Yes,Yes,"Displacement: replacement housing, compensation for property to be aquired, benefits fir hardships of relocation and buisness reimbursement claims. Noise barriers, buffer zones, and noise insulation. Minimize vibration through rail grinding, wheel truing, vechicle reconditioning, wheel-flat detectors.",Transport.,Project,They mention that benefits outweigh the impacts.,NA,NA,NA,NA,NA,NA,NA
,5/10/2019,"Adams and Denver Counties, Colorado General Investigation Study",U.S. Army Corps of Engineers,no,Yes,Yes,Yes,No,n/a,Conservation/Restoration,Plan,"""the study area includes a larger proportion of minority and low income families than the City and County of Denver as a whole""",NA,NA,NA,NA,NA,NA,NA
,11/9/2018,ADOPTION - Calcasieu Pass Project,Department of Energy,no,Yes,Yes,Yes,No,n/a,Energy Gen/Trans,Project,,NA,NA,NA,NA,NA,NA,NA
,12/14/2018,ADOPTION - DART Cotton Belt Corridor Regional Rail Project,Federal Aviation Administration,no,Yes,Yes,Yes,No,n/a,Transport.,Project,,NA,NA,NA,NA,NA,NA,NA
,7/5/2019,ADOPTION - Feral Swine Damage Management: A National Approach,Natural Resource Conservation Service,no,Yes,Yes,Yes,No,n/a,Conserv/Restr,Plan,,NA,NA,NA,NA,NA,NA,NA
1st 20,7/20/2018,Alton Coal Tract Lease By Application,Bureau of Land Management,no,Yes,Yes,Yes,Yes,none,Mineral Resource Extract,Project,They say adverse impacts are unavoidable,NA,NA,NA,NA,NA,NA,NA
,5/16/2014,Amending the Atlantic Large Whale Take Reduction Plan Vertical Line Rule,National Oceanic and Atmospheric Administration,no,No Mention,No Mention,No Mention,No Mention of EJ,n/a,Conservation/Restoration,Plan,"The environmental justice section only defines environmental justice, they don't say specifically if there is one",NA,NA,NA,NA,NA,NA,NA
,10/14/2016,Amendment 18 to the Northeast Multispecies Fishery Management Plan,National Oceanic and Atmospheric Administration,no,No Mention,No Mention,No Mention,No mention of EJ,n/a,Bio Resource Use,Plan,,NA,NA,NA,NA,NA,NA,NA
,4/26/2013,Amendment 5a to the 2006 Consolidated Highly Migratory Species Fishery Management Plan,National Oceanic and Atmospheric Administration,no,Yes,Yes,Yes,No,n/a,Conservation/Restoration,Plan,,NA,NA,NA,NA,NA,NA,NA
,12/19/2014,Anacostia Park Wetlands and Resident Canada Goose Management Plan,National Park Service,no,Yes,Yes,Yes,No,n/a,Conservation/Restoration,Plan,,NA,NA,NA,NA,NA,NA,NA
,11/18/2016,Arapahoe Basin Ski Area Projects,Forest Service,no,Yes,Yes,Yes,No,n/a,Recreation,Project,,NA,NA,NA,NA,NA,NA,NA
,7/9/2021,Atlanta to Charlotte Rail Corridor Investment Plan,Federal Railroad Administration,no,Yes,Yes,Yes,Indeterminate,n/a,Transport,Plan,Says potential mitogation will depend on the nature of impacts that will be measured in a Tier 2 NEPA analysis,NA,NA,NA,NA,NA,NA,NA
,1/6/2017,Atlantic Sunrise Project,Federal Energy Regulatory Commission,no,Yes,Yes,Yes,No,n/a,Energy Gen/Trans,Project,,NA,NA,NA,NA,NA,NA,NA
,6/26/2020,Auburn State Recreation Area Preliminary General Plan and Auburn Project Lands Draft Resource Management Plan Final Environmental Impact Report/Environmental Impact Statement,Bureau of Reclamation,"$1,186,000",No Mention,No Mention,No Mention,No,n/a,Land Management Plan,Plan,They don't mention the EJ communities but do say there would be no disproportional impacts,NA,NA,NA,NA,NA,NA,NA
,8/23/2019,B.F. Sisk Dam Safety of Dams Modification Project,Bureau of Reclamation,"$2,700,000",Indeterminate,Indeterminate,Indeterminate,No,n/a,Water Works,Project,"They don't spefically mention an EJ community, they have a table saying there could be potential impacts using Alternative 3, so assume EJ communities? The impacts are not disproportional",NA,NA,NA,NA,NA,NA,NA
,1/22/2016,Baton Rouge Loop Tier 1,Federal Highway Administration,no,Indeterminate,Indeterminate,Indeterminate,Indeterminate,n/a,Transport.,Project,They say more research into EJ communities and possible effects will occur in a Tier 2 EIS.,NA,NA,NA,NA,NA,NA,NA
,5/6/2016,Bear River Narrows Hydroelectric Project P-12486 Final EIS,Federal Energy Regulatory Commission,no,No Mention,No Mention,No Mention,No mention of EJ,n/a,Energy Gen/Trans,Project,,NA,NA,NA,NA,NA,NA,NA
,5/29/2015,Bighorn Basin Proposed Resource Management Plan,Bureau of Land Management,no,Yes,Yes,Yes,No,n/a,Bio Rsrc Use,Plan,,NA,NA,NA,NA,NA,NA,NA
,6/5/2015,Biscayne National Park Final General Management Plan,National Park Service,no,Yes,Yes,Yes,No,n/a,Recreation,Plan,"They don't specifically talk about the minority or low income community but I assume there is one since it says ""there would be no effects to either a low income or minoty community""",NA,NA,NA,NA,NA,NA,NA
,7/19/2019,Black Mountain Vegetation Management Project,Forest Service,no,Yes,Yes,Yes,No,n/a,Conservation/Restoration,Project,^same situation,NA,NA,NA,NA,NA,NA,NA
,4/13/2013,Blue Ridge Parkway General Management Plan Implementation Virginia and North Carolina,National Park Service,no,Yes,Yes,Yes,No,n/a,Land Management Plan,Plan,,NA,NA,NA,NA,NA,NA,NA
,7/2/2021,Blue Valley Ranch Land Exchange,Bureau of Land Management,no,Yes,Yes,No,No,n/a,Land Exchange,Project,,NA,NA,NA,NA,NA,NA,NA
,8/15/2014,Bogue Banks Coastal Storm Damage Reduction,U.S. Army Corps of Engineers,no,Yes,No,Yes,No,n/a,Water Works,Project,,NA,NA,NA,NA,NA,NA,NA
,4/10/2020,Borderlands Wind Project Final Environmental Impact Statement and Proposed Resource Management Plan Amendment,Bureau of Land Management,"$493,000",No,No,No,No,n/a,Energy Gen/Trans,Project,,NA,NA,NA,NA,NA,NA,NA
,6/21/2013,Bunker Hill Groundwater Basin Riverside Corona Feeder Project,Bureau of Reclamation,no,No Mention,No Mention,No Mention,No Mention of EJ,n/a,Water Works,Project,,NA,NA,NA,NA,NA,NA,NA
2nd 20,3/30/2018,CALAM Monterey Peninsula Water Supply Project FEIR/FEIS,National Oceanic and Atmospheric Administration,no,Yes,Yes,Yes,No,n/a,Water Works,Project,,NA,NA,4 hours,NA,NA,NA,NA
,5/17/2019,Caldwell Canyon Mine and Reclamation Plan,Bureau of Land Management,no,No,No,No,No,n/a,Mineral Resource Extract,Project,,NA,NA,,NA,NA,NA,NA
,3/26/2021,Cape Hatteras National Seashore Sediment Management Framework,National Park Service,"$586,777",No Mention,No Mention,No Mention,No mention of EJ,n/a,Conservation/Restoration,Plan,,NA,NA,,NA,NA,NA,NA
,3/24/2016,Carcass Management During a Mass Animal Health Emergency,Animal and Plant Health Inspection Service,no,Yes,Yes,Yes,Yes,nothing specific,Conservation/Restoration,Plan,"They say: "" if a
low-income or minority community or children are identified as likely to
become impacted due to proximity of a carcass management facility or a
selected transportation route, then APHIS will conduct appropriate
outreach to the potentially impacted community, and incorporate
appropriate mitigation measures under the circumstances. """,NA,NA,,NA,NA,NA,NA
,8/12/2013,Casa Diablo IV Geothermal Development Project,Bureau of Land Management,no,No,No,No,No,n/a,Energy Gen/Trans,Project,,NA,NA,,NA,NA,NA,NA
,6/1/2018,Cattle Fever Tick Eradication Program - Tick Control Barrier,Animal and Plant Health Inspection Service,no,Yes,Yes,Yes,No,n/a,Law Enforcement/Security,Project,,NA,NA,,NA,NA,NA,NA
,8/16/2019,"Changes to Pacific Coast Groundfish Essential Fish Habitat Conservation Areas and Boundaries of the Trawl Gear Rockfish Conservation Area Final Environmental Impact Statement, Magnuson-Stevens Act Analysis, Regulatory Impact Review, and Regulatory Flexibility Analysis",National Marine Fisheries Service,no,Yes,Yes,Yes,No,n/a,Bio Resource Use,Plan,,NA,NA,,NA,NA,NA,NA
,7/1/2015,Chester County Stream and Riparian/Restoration Enhancement Project,Forest Service,no,Yes,Yes,Yes,No,n/a,Conservation/Restoration,Project,,NA,NA,,NA,NA,NA,NA
,6/7/2013,Chicago to Council Bluffs-Omaha Regional Passenger Rail System Planning Study Tier 1,Federal Railroad Administration,no,Yes,Yes,Yes,No,n/a,Transport.,Plan,,NA,NA,,NA,NA,NA,NA
,8/30/2019,Chugach National Forest Land Management Plan,Forest Service,no,Yes,Yes,Yes,No,n/a,Land Management Plan,Plan,,NA,NA,,NA,NA,NA,NA
,2/23/2018,City of San Diego Vernal Pool Habitat Conservation Plan EIS/EIR,Fish and Wildlife Service,no,Yes,Yes,Yes,No,n/a,Conservation/Restoration,Plan,,NA,NA,,NA,NA,NA,NA
,6/25/2015,Cle Elum Pool Raise Project - A Component of the Yakima River Basin Integrated Water Resource Management Plan,Bureau of Reclamation,no,Yes,Yes,Yes,No,n/a,Water Works,Plan,,NA,NA,,NA,NA,NA,NA
,8/31/2018,Coastal and Social Resiliency Initiatives for Tottenville Shoreline,Department of Housing and Urban Development,no,No,No,No,No,n/a,Water Works,Project,,NA,NA,,NA,NA,NA,NA
,7/1/2016,Coeur Rochester Mine Plan of Operations Amendment 10 and Closure Plan,Bureau of Land Management,no,No Mention,No Mention,No Mention,No mention of EJ,n/a,Mineral Resource Extract,Project,,NA,NA,,NA,NA,NA,NA
,7/2/2020,Combined Operational Plan,U.S. Army Corps of Engineers,no,Yes,Yes,Yes,No,n/a,Water Works,Project,,NA,NA,,NA,NA,NA,NA
,12/2/2014,Constitution Pipeline and Wright Interconnect Projects,Federal Energy Regulatory Commission,no,Yes,Yes,Yes,No,n/a,Energy Gen/Trans,Project,,NA,NA,,NA,NA,NA,NA
,6/28/2013,Construction and Operation of a Platoon Battle Course at Pohakuloa Training Area,United States Army,no,Yes,No,Yes,No,n/a,Military Ops.,Project,,NA,NA,,NA,NA,NA,NA
,9/26/2016,Continental Divide Creston Natural Gas Development Project,Bureau of Land Management,no,No,No,No,No,n/a,Mineral Rsrc Extract,Project,,NA,NA,,NA,NA,NA,NA
,7/31/2020,Converse County Oil and Gas Project,Bureau of Land Management,"$4,000,000",Yes,No,Yes,No,none,Mineral Rsrc Extract,Project,They say that any adverse effects would be temporary.,NA,NA,,NA,NA,NA,NA
,9/21/2018,Delta Islands and Levees Integrated Feasibility Study and Environmental Impact Statement,U.S. Army Corps of Engineers,no,No,No,No,No,n/a,Conservation/Restoration,Project,,NA,NA,,NA,NA,NA,NA
3rd 20,9/27/2013,Designation of the Atchafalaya River Bar Channel Ocean Dredged Material Disposal Site,Environmental Protection Agency,no,Indeterminate,Indeterminate,No,No,n/a,Water Works,Project,They say 18.5% of the population is under the poverty line but don't have a parameter for what percentage is considered a low-income community. ,NA,NA,NA,NA,NA,NA,NA
,1/10/2020,Domestic Sheep Grazing Permit Renewals,Bureau of Land Management,"$385,000",No,No,No,No,n/a,Bio Resource Use,Legislative,,NA,NA,NA,NA,NA,NA,NA
,7/1/2016,Dominguez-Escalante National Conservation Area Proposed Resource Management Plan,Bureau of Land Management,no,Yes,Yes,Yes,Yes,"Not specific, they say they will mitigate as much as possible, but don't say what exactly they will do. ",Land Management Plan,Plan,"They do list all the univoidable impacts, saying they will ""mitigate as much as possible""",NA,NA,NA,NA,NA,NA,NA
,3/19/2015,Double-crested Cormorant Management Plan to Reduce Predation of Juvenile Salmonids in the Columbia River Estuary,U.S. Army Corps of Engineers,no,No Mention,No Mention,No Mention,No mention of EJ,n/a,Conservation/Restoration,Project,,NA,NA,NA,NA,NA,NA,NA
,4/19/2019,"Eagle LNG Partners Jacksonville, LLC Jacksonville Project",Federal Energy Regulatory Commission,no,No,No,No,No,n/a,Energy Gen/Trans,Project,,NA,NA,NA,NA,NA,NA,NA
,2/27/2015,East Deer Lodge Valley Landscape Restoration Management,Forest Service,no,No,No,No,No,n/a,Conservation/Restoration,Project,,NA,NA,NA,NA,NA,NA,NA
,8/17/2018,East Hills Project,Forest Service,no,No Mention,No Mention,No Mention,No,n/a,Conservation/Restoration,Project,"Only mention: ""With the implementation of any of the alternatives, there would be no disproportionately
high adverse human health or environmental effects on minority or low-income populations. The actions
would occur in a remote area and nearby communities would mainly be affected by positive economic
impacts"" ",NA,NA,NA,NA,NA,NA,NA
,9/13/2019,East Side Coastal Resiliency (ESCR),"City of New York, Office of Management and Budget",no,Indeterminate,Indeterminate,Indeterminate,No,n/a,Water Works,Project,"According to the Table of Contents, Environmental Justice is in section 5.11 which is not uploaded on NEPAccess.",NA,NA,NA,NA,NA,NA,NA
,7/29/2016,Eastern Interior Proposed Resource Management Plan,Bureau of Land Management,no,Yes,No,Yes,No,n/a,Land Mgmt Plan,Plan,,NA,NA,NA,NA,NA,NA,NA
,12/13/2016,Energy Gateway South Transmission Project,Bureau of Land Management,no,Indeterminate,No Mention,No Mention,No,n/a,Energy Gen/Trans,Project,"No mention of a minority or low income community, but says no EJ communities will be affected.",NA,NA,NA,NA,NA,NA,NA
,5/28/2021,Enlargement of Monument Reservoir No. 1 Project,Forest Service,no,No Mention,No Mention,No Mention,No Mention of EJ,n/a,Water Works,Project,,NA,NA,NA,NA,NA,NA,NA
,4/5/2013,Eufaula Lake Shoreline Management Plan Revision and Master Plan Supplement,U.S. Army Corps of Engineers,no,Indeterminate,Indeterminate,Indeterminate,Indeterminate,n/a,Land Mgmt Plan,Plan,"According to the Table of Contents, Environmental Justice is in section 5.4.22 which is not uploaded on NEPAccess.",NA,NA,NA,NA,NA,NA,NA
,12/4/2020,F-35A Wing Beddown at Tyndall AFB and MQ-9 Wing Beddown at Tyndall AFB or Vandenberg AFB,United States Air Force,no,No,No,No,No,n/a,Military Ops.,Project,,NA,NA,NA,NA,NA,NA,NA
,5/15/2020,Final Environmental Impact Statement/Supplemental Environmental Impact Report for the Proposed Upper Santa Ana River Wash Habitat Conservation Plan,Fish and Wildlife Service,no,No,No,No,No,n/a,Conservation/Restoration,Plan,,NA,NA,NA,NA,NA,NA,NA
,8/2/2019,Final Programmatic Environmental Impact Statement Addressing the Issuance of Incidental Take Permits for Four Wind Energy Projects in Hawai'i,Fish and Wildlife Service,"$700,000",Indeterminate,Indeterminate,Indeterminate,No,n/a,Energy Gen/Trans,Program,"Says: As the projects are already constructed and
spread across the islands, the socioeconomic impacts of the wind facilities have already been
analyzed and no new resource impacts are expected from the current alternatives. Other than that does not mention any ej groups.",NA,NA,NA,NA,NA,NA,NA
,10/23/2020,Final Resource Management Plan Amendments/Environmental Impact Statement Wyoming Pipeline Corridor Initiative,Bureau of Land Management,no,Yes,Yes,Yes,Yes,tbd,Energy Gen/Trans,Plan,Says the mitigation meausres will be determined in the ROD.,NA,NA,NA,NA,NA,NA,NA
,4/28/2016,Fire Island National Seashore Final White-tailed Deer Management Plan,National Park Service,no,Indeterminate,Indeterminate,Indeterminate,No,n/a,Conservation/Restoration,Plan,They say the topic of EJ was dismissed because during scoping they found no impacts on Ej communities. It is unclear if there are EJ communities in the area though.,NA,NA,NA,NA,NA,NA,NA
,8/4/2016,Flint Foothills Vegetation Management Project,Forest Service,no,No,No,No,Indeterminate,n/a,Conservation/Restoration,Project,Doesn't mention if there is disproportional impacts.,NA,NA,NA,NA,NA,NA,NA
,2/26/2016,Floating Houses Policy Review,Tennessee Valley Authority,no,No,No,No,No,n/a,Recreation,Policy,,NA,NA,NA,NA,NA,NA,NA
,6/24/2014,Fort Raleigh National Historic Site General Management Plan,National Park Service,no,Indeterminate,Indeterminate,Indeterminate,No,n/a,Land Management Plan,Plan,"Says the issue of EJ was dismissed because there was no disproportional impacts, doesn't mention any specific EJ communities. ",NA,NA,NA,NA,NA,NA,NA
4th 20,1/17/2014,Fowler Ridge Wind Farm Final EIS,Fish and Wildlife Service,no,Yes,Yes,Yes,No,n/a,Conservation/Restoration,Plan,,NA,NA,NA,NA,NA,NA,NA
,11/14/2014,Generic - License Renewal of Nuclear Plants Supplement 51 Regarding Callaway Plant Unit 1,Nuclear Regulatory Commission,no,Yes,Indeterminate,No,No,n/a,Energy Gen/Trans,Project,"They metion low income communities, but they don't have a threshold.",NA,NA,NA,NA,NA,NA,NA
,8/14/2015,Goose Project,Forest Service,no,Indeterminate,Indeterminate,Indeterminate,No,n/a,Bio Resource Use,Project,"They say there will be no disproportionate impacts to either low-income or minority communities but they don't go into detail, saying no impacts is the only mention.",NA,NA,NA,NA,NA,NA,NA
,5/9/2014,Grand Parkway Segments H and I-1,Federal Highway Administration,no,No,No,No,No,n/a,Transport.,Project,,NA,NA,NA,NA,NA,NA,NA
,5/16/2016,Greater Sage Grouse Bi-State Distinct Population Segment Forest Plan Amendment,Forest Service,no,No,No,No,No,n/a,Conservation/Restoration,Plan,"No numbers or thresholds, says ""For the purpose of screening for environmental justic concerns, minority and low-income populations are not a concern""",NA,NA,NA,NA,NA,NA,NA
,8/2/2019,"Gulf Intracoastal Waterway, Brazos River Floodgates and Colorado River Locks, Texas",U.S. Army Corps of Engineers,no,Indeterminate,Indeterminate,Indeterminate,No,n/a,Water Works,Project,Says no impacts but doesn't specify any information about EJ communities.,NA,NA,NA,NA,NA,NA,NA
,4/26/2019,Gulf LNG Liquefaction Project,Federal Energy Regulatory Commission,no,Yes,Yes,Yes,No,n/a,Energy Gen/Trans,Project,,NA,NA,NA,NA,NA,NA,NA
,6/5/2015,Gulf Regional Airspace Strategic Initiative Landscape Initiative,United States Air Force,no,Indeterminate,Indeterminate,No,No,n/a,Military Ops.,Project,"Minority population less than 40%, they don't define the low income population threshold.",NA,NA,NA,NA,NA,NA,NA
,3/11/2016,Hawaii Volcanoes National Park Management Plan,National Park Service,no,No Mention,No Mention,No Mention,No Mention of EJ,n/a,Land Management Plan,Plan,"Says ""The devastating effects of the park’s air tours
and aviation operations are centered over
the socially and economically disadvantaged
population of the District of Puna and the
Keaukaha Hawaiian Homesteads. Yet the
topic of Environmental Justice was dismissed
from this analysis. This is another violation of
NEPA requirements.”",NA,NA,NA,NA,NA,NA,NA
,3/6/2015,Heavenly Epic Discovery Project,Forest Service,no,No Mention,No Mention,No Mention,No mention of EJ,n/a,Recreation,Project,,NA,NA,NA,NA,NA,NA,NA
,12/16/2016,Heeia National Estuarine Research Reserve,National Oceanic and Atmospheric Administration,no,Yes,No,Yes,No,n/a,Conservation/Restoration,Program,,NA,NA,NA,NA,NA,NA,NA
,3/6/2020,Huckleberry Landscape Restoration Project,Forest Service,no,Indeterminate,Indeterminate,No,Indeterminate,n/a,Conserv/Restr,Project,"Mentions low income groups but doesn't have a threshold, says people below the poverty line are more susceptible for disproportionate effects, but doesn't say if they do face them or not.",NA,NA,NA,NA,NA,NA,NA
,9/18/2020,Hungry Ridge Restoration Project,Forest Service,no,Indeterminate,Indeterminate,Indeterminate,No,n/a,Conservation/Restoration,Project,Says no impacts but doesn't give any details about any EJ community.,NA,NA,NA,NA,NA,NA,NA
,9/6/2019,Hycroft Mine Phase II Expansion Project,Bureau of Land Management,"$208,715",No Mention,No Mention,No Mention,No Mention of EJ,n/a,Mineral Rsrc Extract,Project,,NA,NA,NA,NA,NA,NA,NA
,3/27/2020,I-15 Milepost 11 Interchange,Utah Department of Transportation,no,No,No,No,No,n/a,Transport.,Project,,NA,NA,NA,NA,NA,NA,NA
,1/15/2016,I-70 East,Federal Highway Administration,no,Yes,Yes,Yes,Yes,CDOT will provide funding to the Community Resource Housing Develpment Corporation to assist in residential and buisness displacement. CDOT will provide 2 portable or window-mointed air contditioning units to residents close to the highway and assist in potential high utility costs. CDOT will provide contributions to existsing programs to facilitate access to fresh food. ,Transport.,Project,"Says when mitigation efforts are put into effect, there should be no disproportionate impacts. ",NA,NA,NA,NA,NA,NA,NA
,8/4/2017,I-80 and State Street Interchange,Federal Highway Administration,no,No,No,No,No,n/a,Transport.,Project,,NA,NA,NA,NA,NA,NA,NA
,12/13/2013,Interstate 64 Peninsula from Interstate 95 in the City of Richmond to Interstate 664,Federal Highway Administration,no,Yes,Yes,Yes,No,n/a,Transport.,Project,,NA,NA,NA,NA,NA,NA,NA
,10/24/2014,Interstate 87 (I-87) Exit 4 Access Improvements,Federal Highway Administration,no,No,No,No,No,n/a,Transport.,Project,,NA,NA,NA,NA,NA,NA,NA
,10/9/2015,Jordan Cove Energy and Pacific Connector Gas Pipeline Project,Federal Energy Regulatory Commission,no,Yes,Yes,No,No,n/a,Mineral Resource Extract,Project,,NA,NA,NA,NA,NA,NA,NA
5th 20,3/7/2014,Kaibab National Forest Plan Revision,Forest Service,no,Yes,Yes,Yes,Yes,nothing,Land Management Plan,Plan,Disproportionate Impact is EJ communities being more effected by smoke from perscribed burns.,NA,NA,NA,NA,NA,NA,NA
,10/20/2017,Kansas River Commercial Dredging Final Environmental Impact Statement,U.S. Army Corps of Engineers,no,No,No,No,No,n/a,Water Works,Project,,NA,NA,NA,NA,NA,NA,NA
,6/22/2018,KC-46A Main Operating Base #4 (MOB 4) Beddown,United States Air Force,no,Indeterminate,Indeterminate,Indeterminate,No,n/a,Military Ops.,Plan,"There is only one small section of a table saying no disproportionate impacts to any EJ communities, and no mitigation is necessary.",NA,NA,NA,NA,NA,NA,NA
,3/19/2021,LaGuardia Access Improvement Program,Federal Aviation Administration,no,Yes,No,Yes,Yes,"Emission control devices, contractor must use construction equipment with engines that meet Tier 440 emission standards, require that a consultant, independent of the DBOM contractor and paid for by the Port Authority, monitor particulate matter within and at the perimeter of the active construction areas, and verify adherence to construction equipment requirements for the duration of construction.",Transport.,Program,Impacts include decreased air quality.,NA,NA,NA,NA,NA,NA,NA
,9/30/2016,Lambert Houses Redevelopment,Department of Housing and Urban Development,no,Yes,Yes,Yes,No,n/a,Gov. Facilities,Project,,NA,NA,NA,NA,NA,NA,NA
,7/28/2017,Land Acquisition and Airspace Establishment to Support Large-Scale Marine Air Ground Task Force Live-Fire and Maneuver Training at Marine Corps Air Ground Combat Center,Federal Aviation Administration,no,No,No,No,No,n/a,Gov. Facilities,Plan,Corrected,NA,NA,NA,NA,NA,NA,NA
,10/9/2020,Lee Canyon EIS,Forest Service,no,No,No,No,No,n/a,Recreation,Plan,Corrected,NA,NA,NA,NA,NA,NA,NA
,10/12/2018,"Little Colorado River at Winslow, Navajo County, Arizona, Flood Risk Management Project, Integrated Feasibility Report and Environmental Impact Statement",U.S. Army Corps of Engineers,no,No,Indeterminate,No,No,n/a,Water Works,Project,No threshold for low-income community,NA,NA,NA,NA,NA,NA,NA
,8/21/2018,Lobert Restoration Project,Forest Service,no,Indeterminate,Indeterminate,Indeterminate,No,n/a,Conservation/Restoration,Project,"Says ""data on low income and minority communities is unavailbale""",NA,NA,NA,NA,NA,NA,NA
,3/29/2019,Lolo Insect & Disease Project,Forest Service,no,Indeterminate,Indeterminate,Indeterminate,No,n/a,Conserv/Restr,Project,Says no disproportionate impacts but no information about the EJ groups.,NA,NA,NA,NA,NA,NA,NA
,9/16/2016,Los Padres Tamarisk Removal,Forest Service,no,No Mention,No Mention,No Mention,No mention of EJ,n/a,Conservation/Restoration,Project,"Says ""Review of environmental compliance, project mitigations to address possible impacts, and a broad outreach of the public, Indian tribes, and agencies has been accomplished for this project."" and that's all.",NA,NA,NA,NA,NA,NA,NA
,11/20/2015,Magnolia LNG and Lake Charles Expansion Projects,Federal Energy Regulatory Commission,no,No,No,No,No,n/a,Mineral Resource Extract,Project,,NA,NA,NA,NA,NA,NA,NA
,5/29/2015,Miles City Field Office Proposed Resource Management Plan,Bureau of Land Management,no,Yes,Indeterminate,Yes,No,n/a,Conservation/Restoration,Plan,Says the census groups of minority would overlap with low-income but doesn't show numbers.,NA,NA,NA,NA,NA,NA,NA
,2/14/2020,Missoula Proposed Resource Management Plan and Final EIS,Bureau of Land Management,$3.1 mil,Yes,Yes,Yes,No,n/a,Conservation/Restoration,Plan,,NA,NA,NA,NA,NA,NA,NA
,2/21/2020,Moneta Divide Natural Gas and Oil Development Project,Bureau of Land Management,"$6,400,000",Yes,Yes,Yes,Yes,n/a,Mineral Resource Extract,Project,,NA,NA,NA,NA,NA,NA,NA
,8/14/2015,Monroe Mountain Aspen Ecosystems Restoration Project,Forest Service,no,No Mention,No Mention,No Mention,No mention of EJ,n/a,Conservation/Restoration,Project,,NA,NA,NA,NA,NA,NA,NA
,7/21/2017,Multiple Reservoir Land Management Plans,Tennessee Valley Authority,no,No,No,No,No,n/a,Land Management Plan,Plan,,NA,NA,NA,NA,NA,NA,NA
,10/26/2018,Nevada Test and Training Range Land Withdrawal Legislative Environmental Impact Statement,United States Air Force,no,Yes,No,Yes,No,n/a,Military Ops.,Project,,NA,NA,NA,NA,NA,NA,NA
,9/12/2014,New Special-Use Permits for Recreation Residences on the Safford Ranger District,Forest Service,no,Indeterminate,Indeterminate,Indeterminate,No,n/a,Recreation,Project,No disproportionate impacts but no details on the EJ communities.,NA,NA,NA,NA,NA,NA,NA
,6/2/2016,Next NGA West Campus in the Greater St. Louis Metropolitan Area,National Geospatial-Intelligence Agency,no,Yes,Yes,No,Yes,"SLDC/LCRA will acquire
property consistent with State of
Missouri and City’s relocation
policy and the federal Uniform
Relocation Assistance and Real
Property Acquisition Policies Act
of 1970. ",Gov. Facilities,Project,,NA,NA,NA,NA,NA,NA,NA
6th 20,12/9/2016,Nexus Gas Transmission Project and Texas Eastern Appalachian Lease Project,Federal Energy Regulatory Commission,no,Yes,Yes,No,No,n/a,Mineral Resource Extract,Project,,NA,NA,NA,NA,NA,NA,NA
,8/27/2018,Normally Pressured Lance Natural Gas Development Project,Bureau of Land Management,no,No,No,No,No,n/a,Mineral Resource Extract,Project,,NA,NA,NA,NA,NA,NA,NA
,2/5/2016,North and West Big Hole Allotment Mangement Plans,Forest Service,no,Yes,Yes,No,Yes,none,Conservation/Restoration,Plan,They say disproportionate impacts to low-income people would be less jobs and effect on the economy.,NA,NA,NA,NA,NA,NA,NA
,10/28/2016,"North Cumberland Wildlife Management Area, Tennessee Lands Unsuitable for Mining Petition",Office of Surface Mining Reclamation and Enforcement,no,No,No,No,No,n/a,Mineral Resource Extract,Policy,,NA,NA,NA,NA,NA,NA,NA
,5/29/2015,Northwest Colorado Greater Sage-Grouse Proposed Land Use Plan Amendments,Bureau of Land Management,no,No,No,No,Indeterminate,n/a,Conservation/Restoration,Plan,"Says no official EJ communites were found, but that it is possible that smaller communities closer to the site may be effected by job losses.",NA,NA,NA,NA,NA,NA,NA
,3/28/2014,Ochoco Summit Trail System,Forest Service,no,Indeterminate,Indeterminate,Indeterminate,No,n/a,Conservation/Restoration,Project,Says no disproportionate imapcts but not whether or not there are EJ communities. ,NA,NA,NA,NA,NA,NA,NA
,5/4/2018,Olympic National Park Mountain Goat Management Plan,National Park Service,no,No,No,No,No,n/a,Bio Resource Use,Plan,,NA,NA,NA,NA,NA,NA,NA
,12/31/2015,Panoche Valley Solar Project,U.S. Army Corps of Engineers,no,No,No,No,No,n/a,Energy Gen/Trans,Project,,NA,NA,NA,NA,NA,NA,NA
,4/14/2017,PennEast Pipeline Project,Federal Energy Regulatory Commission,no,No,No,No,No,n/a,Energy Gen/Trans,Project,,NA,NA,NA,NA,NA,NA,NA
,3/13/2015,Pinon Canyon Maneuver Site (PCMS) Training and Operations,United States Army,no,No,No,No,No,n/a,Military Ops.,Project,,NA,NA,NA,NA,NA,NA,NA
,11/13/2015,Plains and Eastern Clean Line Transmission Line Project,Department of Energy,no,Yes,Yes,Yes,No,n/a,Energy Gen/Trans,Project,,NA,NA,NA,NA,NA,NA,NA
,5/25/2018,Plan Revision for the Coconino National Forest,Forest Service,no,No,No,No,No,n/a,Land Management Plan,Plan,,NA,NA,NA,NA,NA,NA,NA
,9/18/2020,Point Reyes National Seashore General Management Plan Amendment,National Park Service,"$1,472,000",No Mention,No Mention,No Mention,No Mention of EJ,n/a,Land Management Plan,Plan,,NA,NA,NA,NA,NA,NA,NA
,2/14/2020,Port Bienville Railroad Combined Final Environmental Impact Statement and Record of Decision,Federal Railroad Administration,no,Yes,Yes,Yes,No,n/a,Transport.,Project,,NA,NA,NA,NA,NA,NA,NA
,11/25/2016,Port Delfin Project Deepwater Port Application,U.S. Coast Guard,no,Yes,Yes,Yes,No,n/a,Mineral Rsrc Extract,Project,"EJ communities both make up 50% of the population but they also mention that it is not ""meaningfully greater"" than the rest of the population?",NA,NA,NA,NA,NA,NA,NA
,11/25/2016,Port Delfin Project Deepwater Port Application,U.S. Coast Guard,no,Yes,Yes,Yes,No,n/a,Mineral Resource Extract,Project,Repeat of line 16?,NA,NA,NA,NA,NA,NA,NA
,12/29/2014,Portageville Bridge Project,Federal Highway Administration,no,Indeterminate,Indeterminate,Indeterminate,No,n/a,Transport.,Project,Mentions no impacts but no info on EJ communities specifically.,NA,NA,NA,NA,NA,NA,NA
,12/20/2017,Power Fire Reforestation,Forest Service,no,Indeterminate,Indeterminate,Indeterminate,No,n/a,Conservation/Restoration,Project,^,NA,NA,NA,NA,NA,NA,NA
,7/14/2017,PROGRAMMATIC - Mouse River Enhanced Flood Protection Project,U.S. Army Corps of Engineers,no,No,No,No,No,n/a,Water Works,Program,,NA,NA,NA,NA,NA,NA,NA
,2/14/2020,Programmatic EIS for Fuel Breaks in the Great Basin,Bureau of Land Management,"$2,300,000",Yes,Yes,Yes,Indeterminate,n/a,Conservation/Restoration,Program,"There are sites in different states, some of which have Ej communities, and they say effects would depend on the site.",NA,NA,NA,NA,NA,NA,NA
7th 20,8/23/2019,"Project No. DPI-0030(005), I-10 Mobile River Bridge and Bayway, Mobile and Baldwin Counties, Alabama",Federal Highway Administration,no,Yes,Yes,Yes,Yes,"They have ""implemented an EJ outreach program using a veriety of types of activities"" They also mention that a complete list of mitigation would be in the ROD.",Water Works,Project,,NA,NA,5 hours,NA,NA,NA,NA
,11/28/2014,Proposed 2013 Master Plan National Institutes of Health Bethesda Campus,National Institute of Health,no,No,No,No,No,,Gov. Facilities,Plan,,NA,NA,,NA,NA,NA,NA
,4/19/2013,Proposed Habitat Conservation Plan and Incidental Take Permit for the Indiana Bat (Myotis sodalis) for the Buckeye Wind Power Project,Fish and Wildlife Service,no,No,No,No,No,,Energy Gen/Trans,Project,,NA,NA,,NA,NA,NA,NA
,9/13/2013,Proposed Issuance of an Incidental Take Permit For the Beech Ridge Energy Wind Project Habitat Conservation Plan,Fish and Wildlife Service,no,No,No,No,No,,Energy Gen/Trans,Plan,,NA,NA,,NA,NA,NA,NA
,10/12/2018,Proposed Modernization and Expansion of Townsend Bombing Range,United States Navy,no,No,No,No,No,,Military Ops.,Project,,NA,NA,,NA,NA,NA,NA
,4/18/2014,Proposed New Bridge Across the Manatee River Mile 15.0 at Parrish,U.S. Coast Guard,no,Yes,No,Yes,No,,Transport.,Project,,NA,NA,,NA,NA,NA,NA
,9/2/2016,Proposed Resource Management Plans for the Beaver Dam Wash and Red Cliffs National Conservation Areas; Proposed Amendment to the St. George Field Office Resource Management Plan,Bureau of Land Management,no,No Mention,No Mention,No Mention,No Mention of EJ,,Land Management Plan,Plan,,NA,NA,,NA,NA,NA,NA
,4/17/2015,Provo River Delta Restoration Project,Department of the Interior,no,Indeterminate,Indeterminate,Indeterminate,No,They say there will be no adverse impacts on EJ communities but they do not go into detail about these communities. Indeterminate becuase they don't define any thresholds or detail population stats. ,Conservation/Restoration,Project,,NA,NA,,NA,NA,NA,NA
,9/6/2013,Purple Line Draft Section 4(f) Evaluation,Federal Transit Administration,no,Yes,Yes,Yes,Yes,They list a number of potential adverse effects to EJ communities. They say the project will offset those impacts with benefits. They say they will develop appropriuate mitigation measures but don't say what.,Transport.,Project,,NA,NA,,NA,NA,NA,NA
,6/29/2018,Pyramid Highway/US 395 Connection,Federal Highway Administration,no,Yes,Yes,No,Yes,"Provide noise barriers, provide screening walls, provide landscaping and aesthetic treatments, provide improved sinage, provide/improve bike lanes and sidewalks, provide bus turnouts and amenities, provide new bus service",Transport.,Project,,NA,NA,,NA,NA,NA,NA
,12/20/2013,Pyramid Way and McCarran Boulevard Intersection Improvement Project and Record of Decision,Federal Highway Administration,no,Indeterminate,No,Indeterminate,Indeterminate,"""Under the Preferred Alternative, the proposed project would directly and adversely impact minority population households because they are located within Census Block Groups that would experience displacements; however, these Block Groups contain more than two-thirds
non-minority residents. Therefore, it is not expected that displacements would be predominantly
experienced by minority population households or that they would be appreciably more severe or
greater in magnitude than the adverse effects involving displacements that would be experienced
by non-minority population households""",Transport.,Project,,NA,NA,,NA,NA,NA,NA
,3/6/2015,Redlands Passenger Rail Project,Federal Transit Administration,no,Yes,Yes,Yes,Yes,"prepare traffic management plan, screening of construction staging areas, enhance exterior apperance of structual facilities, tree replacement, sound barrier screening and surface treatments, minimze exterior lighting in adjacent uses, employ noise-reducing measures during construction, prepare a community notification plan for project construction, design the project to be quiet zone ready, construct sound barriers, use ballast mats, resiliently supported ties, or measures of comparable effectiveness on portions of the rail near sensiitive receivers",Transport.,Project,,NA,NA,,NA,NA,NA,NA
,6/14/2019,"Regulation of the Importation, Interstate Movement, and Intrastate Movement of Plant Pests",Animal and Plant Health Inspection Service,no,Indeterminate,No Mention,No Mention,No,,Conservation/Restoration,Policy,"Say adverse impacts are not expect to occur. Mentions what EJ is several times, but doesn't say specifically of there are EJ communities?",NA,NA,,NA,NA,NA,NA
,1/24/2014,Remote Vaccination Program to Reduce the Prevalence of Brucellosis in Yellowstone Bison,National Park Service,no,No,No,No,No,,Conservation/Restoration,Program,,NA,NA,,NA,NA,NA,NA
,2/14/2014,RES Americas Moapa Solar Energy Center,Bureau of Indian Affairs,no,Yes,Indeterminate,Yes,No,,Energy Gen/Trans,Project,"They talked about native american communties and them being counted as an EJ group, but I didn't really see a section specifying if low-income communities existed here",NA,NA,,NA,NA,NA,NA
,5/3/2013,Rim Lakes Forest Restoration Project Amendment to the Apache-Sitgreaves National Forests Land and Resource Management Plan,Forest Service,no,No Mention,No Mention,No Mention,No mention of EJ,,Conservation/Restoration,Project,,NA,NA,,NA,NA,NA,NA
,3/7/2014,Rockaway Delivery Lateral and Northeast Connector Projects,Federal Energy Regulatory Commission,no,No,No,No,No,,Energy Gen/Trans,Project,,NA,NA,,NA,NA,NA,NA
,9/4/2015,Rocky Mountain Arsenal National Wildlife Refuge,Fish and Wildlife Service,no,No Mention,No Mention,No Mention,No mention of EJ,,Conservation/Restoration,Plan,,NA,NA,,NA,NA,NA,NA
,11/16/2018,Sacramento Peak Observatory,National Science Foundation,no,No,No,No,No,,Gov. Facilities,Plan,,NA,NA,,NA,NA,NA,NA
,7/10/2015,San Francisco Veterans Affairs medical Center Long Range Development Plan,Department of Veteran Affairs,no,Yes,Yes,Yes,No,,Gov. Facilities,Plan,,NA,NA,,NA,NA,NA,NA
8th 20,8/9/2019,San Gabriel River Confluence With Cattle Canyon Improvements Project,Forest Service,no,No,No,No,No,,Recreation,Project,"Says the project is not located in an area with a high number of minority or low income communities, but does not specify numbers. ",NA,NA,NA,NA,NA,NA,NA
,7/8/2016,Seminole Tribe of Florida Fee to Trust,Bureau of Indian Affairs,no,No,No,No,No,,Land Exchange,Plan,,NA,NA,NA,NA,NA,NA,NA
,7/26/2019,Sevier Playa Potash Project,Bureau of Land Management,"$3,086,000",No,No,No,No,,Mineral Resource Extract,Project,EJ was eliminated from the EIS because it was found already that there was no EJ community in the area.,NA,NA,NA,NA,NA,NA,NA
,4/4/2014,Sierrita Pipeline Project,Federal Energy Regulatory Commission,no,No,No,No,No,,Energy Gen/Trans,Project,,NA,NA,NA,NA,NA,NA,NA
,10/4/2013,South Coast Rail Project,U.S. Army Corps of Engineers,no,Indeterminate,Indeterminate,Indeterminate,Yes,"new traffic signals, traffic signal timing adjustment and addition of turning lanes.",Transport.,Project,"It differs depending on the project site area because there are multiple. They all have a high concentration of EJ communities surrounding them, but only some meet the thresholds to be identified as EJ communities. ",NA,NA,NA,NA,NA,NA,NA
,9/25/2015,South San Francisco Bay Shoreline Phase I,U.S. Army Corps of Engineers,no,Yes,Indeterminate,Yes,No,,Water Works,Project,""" However, the margins of error for the data estimates presented in the American Community Survey introduce uncertainty. Therefore, the presence of a low-income population cannot be verified with the available data.""",NA,NA,NA,NA,NA,NA,NA
,6/19/2020,"Southern Gardens Citrus Nursery, LLC Permit to Release Genetically Engineered Citrus tristeza virus",Animal and Plant Health Inspection Service,no,Indeterminate,Indeterminate,Indeterminate,No,,Economic and Urban Dev./Commerce,Project,"Says no impacts, but does not go into any detail on the EJ communities numbers or if they exist. ",NA,NA,NA,NA,NA,NA,NA
,12/3/2015,Southwest Jemez Mountains Landscape Restoration Project,Forest Service,no,Yes,Yes,Yes,Yes,"consult wih local tribes, develop mitigation as problems arise",Conservation/Restoration,Project,The main problem is smoke from perscribed fires.,NA,NA,NA,NA,NA,NA,NA
,6/6/2014,SpaceX Texas Launch Site,Federal Aviation Administration,no,Indeterminate,Indeterminate,Indeterminate,No,,Energy Gen/Trans,Project,"A little confusing because they talk about two ""locations"" : Census Tract 127 as a whole and smaller counties and villages. For minority community: Census Tract 127 would be considered minority populations but Boca Chica Village would not. For low-income: Therefore, Cameron and Willacy counties would be considered low-income populations, but Census Tract 127 would not be considered a low-income populations",NA,NA,NA,NA,NA,NA,NA
,8/21/2015,Stonewall Vegetation Project,Forest Service,no,No,No,No,No,,Bio Resource Use,Project,,NA,NA,NA,NA,NA,NA,NA
,12/16/2016,Stream Protection Rule,Office of Surface Mining Reclamation and Enforcement,no,Yes,Yes,Yes,Indeterminate,,Mineral Resource Extract,Program,Indeterminate because they just say becuase there are EJ communities impacts may disproportionately affect them more?,NA,NA,NA,NA,NA,NA,NA
,10/9/2020,"Sugar Camp Energy, LLC Mine Number 1 Boundary Revision 6",Tennessee Valley Authority,no,Yes,Yes,Yes,No,,Mineral Resource Extract,Project,,NA,NA,NA,NA,NA,NA,NA
,7/31/2020,"Summer Flounder Commercial Issues and Goals and Objectives Amendment: Amendment 21 to the Summer Flounder, Scup, and Black Sea Bass Fishery Management Plan",Department of Commerce,no,No Mention,No Mention,No Mention,No Mention of EJ,,Bio Resource Use,Policy,,NA,NA,NA,NA,NA,NA,NA
,11/22/2013,Summit Logan Valley Grazing Authorization Project,Forest Service,no,Indeterminate,Indeterminate,No,No,,Bio Resource Use,Project,"Low populations of minorities, poverty rates are 14-16%, but they do not distinguish thresholds. I said no to minority becuase that one almost always requires a 50% minority population, inteterminate for low income becuase that can vary. However, they do say they expect no disproportionate impacts.",NA,NA,NA,NA,NA,NA,NA
,1/25/2015,SunZia Southwest Transmission Project Proposed Resource Management Plan Amendments,Bureau of Land Management,no,Yes,Yes,Yes,Yes,"Standard mitigation measures would be implemented to mitigate impacts that could occur throughout the Project area. These measures include restricting vehicle access to limit disturbance of the ground surface and vegetation, requiring new access roads to follow the natural land contours as closely as possible, and attempting to use pre-existing access roads to the greatest degree possible; all of which help to prevent land-surface destabilization. Due to their universal application, standard mitigation measures were considered in the assessment of initial impact levels.",Energy Gen/Trans,Plan,,NA,NA,NA,NA,NA,NA,NA
,6/10/2016,Sweetheart Lake Hydroelectric Project Final Environmental Impact Statement,Federal Energy Regulatory Commission,no,No Mention,No Mention,No Mention,No mention of EJ,,Energy Gen/Trans,Project,,NA,NA,NA,NA,NA,NA,NA
,7/15/2016,Telegraph Vegetation Project,Forest Service,no,No,No,No,No,,Bio Rsrc Use,Project,,NA,NA,NA,NA,NA,NA,NA
,2/16/2018,Tenmile - South Helena Project,Forest Service,no,No,No,No,No,,Conservation/Restoration,Project,,NA,NA,NA,NA,NA,NA,NA
,7/16/2021,"Tier 1 Environmental Impact Statement and Preliminary Section 4(f) Evaluation for Interstate 11 Corridor between Nogales and Wickenburg, Arizona",Federal Highway Administration,no,Indeterminate,Indeterminate,Indeterminate,Indeterminate,,Transport.,Project,"Indeterminate because it says that there are minority and low-income communities and mentions them multiple times but they also say that there is no hard threshold for defining the populations? Additionally, they say disproportionate impacts may happen just becuase there is EJ communities. Very broad.",NA,NA,NA,NA,NA,NA,NA
,5/3/2019,Tonto National Forest Motorized Travel Management,Forest Service,no,Yes,Yes,No,Yes,"The plan would impact low income communities who depend on hunting and game for money, but because AZ Game and FIsh do not offer discounted rates they say there is nothing they can do.",Transport.,Plan,,NA,NA,NA,NA,NA,NA,NA
9th 20,1/13/2017,Transwest Express Powerline (TWE),Forest Service,no,Indeterminate,Indeterminate,Indeterminate,No,,Energy Gen/Trans,Project,They say that no impacts were found but they don't talk about population details or thresholds.,NA,NA,NA,NA,NA,NA,NA
,4/13/2018,Trout Creek,Forest Service,no,Indeterminate,Indeterminate,Indeterminate,No,,Conservation/Restoration,Project,^ same,NA,NA,NA,NA,NA,NA,NA
,11/3/2017,US 113 North/South Study Millsboro-South Area,Federal Highway Administration,no,Yes,Yes,Yes,No,,Transport.,Project,,NA,NA,NA,NA,NA,NA,NA
,5/16/2014,US Navy F-35C West Coast Homebasing,United States Navy,no,Yes,Yes,Yes,No,,Gov. Facilities,Project,,NA,NA,NA,NA,NA,NA,NA
,10/16/2014,Vail Mountain Recreation Enhancement Project,Forest Service,no,No,No,No,No,,Recreation,Project,,NA,NA,NA,NA,NA,NA,NA
,7/12/2013,Van Ness Bus Rapid Transit Project,Federal Transit Administration,no,No,No,No,No,,Transport.,Project,,NA,NA,NA,NA,NA,NA,NA
,9/15/2017,"Vista Grande Drainage Basin Improvement Project, Golden Gate National Recreation Area, San Francisco and San Mateo Counties",National Park Service,no,Indeterminate,Indeterminate,Indeterminate,No,,Water Works,Project,"They say that any impact would be minor or none at all, but they do not go into detail on EJ community populations, numbers, or thresholds.",NA,NA,NA,NA,NA,NA,NA
,8/22/2018,Walla Walla Basin Spring Chinook Hatchery Program,Bonneville Power Administration,no,No,No,No,No,,Conservation/Restoration,Project,They say no population meets the EJ criteria but they do note that there is the Umatilla Indian Reservation about ten miles west of the South Fork facility,NA,NA,NA,NA,NA,NA,NA
,7/30/2013,Water Transfer Program for the San Joaquin River Exchange Contractors Water Authority 2014-2038 To Execute Agreements for Water Transfers/or Exchanges San Joaquin Valley Fresno Madera Merced and Stanislaus Counties CA,Bureau of Reclamation,no,Yes,Yes,Yes,No,,Water Works,Program,,NA,NA,NA,NA,NA,NA,NA
,4/15/2016,Western Oregon Resource Management Plan,Bureau of Land Management,no,Yes,Yes,Yes,Yes,"They say it is difficult to define right now, but they would monitor impacts and re-evaluate.",Land Management Plan,Plan,Impacts were only found in low-income communities becuase the main impact is unemployment. ,NA,NA,NA,NA,NA,NA,NA
,4/24/2020,"Westminster, East Garden Grove, CA Flood Risk Management Study",U.S. Army Corps of Engineers,no,Yes,No,Yes,No,,Water Works,Project,,NA,NA,NA,NA,NA,NA,NA
,5/31/2013,Whisky Ridge Ecological Restoration Project,Forest Service,no,No Mention,No Mention,No Mention,No mention of EJ,,Conservation/Restoration,Project,,NA,NA,NA,NA,NA,NA,NA
,6/20/2014,Wolf Fuels and Vegetation Management Project,Forest Service,no,Indeterminate,Indeterminate,Indeterminate,No,,Conservation/Restoration,Project,"Says there is no impacts but do not talk about demographics, thresholds, etc about EJ communities",NA,NA,NA,NA,NA,NA,NA
,4/24/2020,NJ Transitgrid Traction Power System,Federal Transit Administration,no,No,No,No,No,,Energy Gen/Trans,Project,The project will not be near civilization,NA,NA,NA,NA,NA,NA,NA
,4/3/2020,North County Corridor New State Route 108 Project and Route Adoption,California Department of Transportation,no,Yes,No,Yes,No,,Transport.,Project,,NA,NA,NA,NA,NA,NA,NA
,12/7/2018,Northwest Colorado Greater-Sage Grouse Proposed Resource Management Plan Amendment and Final Environmental Impact Statement,Bureau of Land Management,"$169,000",Indeterminate,Indeterminate,Indeterminate,Indeterminate,,Land Management Plan,Plan,EJ was eliminated from further research,NA,NA,NA,NA,NA,NA,NA
,8/14/2015,"NUREG-1437, Generic Environmental Impact Statement for License Renewal of Nuclear Plants Supplement 46 Regarding Seabrook Station",Nuclear Regulatory Commission,no,Yes,Yes,Yes,No,,Energy Gen/Trans,Policy,,NA,NA,NA,NA,NA,NA,NA
,5/29/2015,Oregon Greater Sage-Grouse Proposed Land Use Plan Amendments,Bureau of Land Management,no,Yes,Yes,Indeterminate,No,,Bio Resource Use,Plan,"They mention a tribal population of 3% which is 3x the amount as the whole state, but since it is so small I'm not sure if it should count?",NA,NA,NA,NA,NA,NA,NA
,5/21/2018,"Otay River Estuary Restoration Project, South San Diego Bay Unit of the San Diego Bay National Wildlife Refuge, California; Final Environmental Impact Statement",Fish and Wildlife Service,no,Yes,Yes,Yes,No,,Conservation/Restoration,Project,,NA,NA,NA,NA,NA,NA,NA
,8/28/2020,Parley's Interchange; I-80/I-215 Eastside,Utah Department of Transportation,no,No,No,No,No,,Transport.,Project,,NA,NA,NA,NA,NA,NA,NA
10th (Final 18),9/18/2015,Pellissippi Parkway Extension (State Route 162) from State Route 33 (Old Knoxville Highway) to US 321/State Route 73/Lamar Alexander Parkway,Federal Highway Administration,no,Yes,Yes,Yes,Yes,noise barrier,Transport.,Project,A bigger impact than noise is displacement of people and they have no mitigation for that.,NA,NA,NA,NA,NA,NA,NA
,5/10/2019,Plaquemines LNG and Gator Express Pipeline Project,Federal Energy Regulatory Commission,no,Yes,Yes,Yes,No,,Energy Gen/Trans,Project,,NA,NA,NA,NA,NA,NA,NA
,5/15/2020,Pocasset River Flood Damage Reduction Project,Natural Resource Conservation Service,no,No,No,No,No,,Water Works,Project,,NA,NA,NA,NA,NA,NA,NA
,11/27/2017,Port of Gulfport Expansion Project,U.S. Army Corps of Engineers,no,No,No,No,No,,Water Works,Project,,NA,NA,NA,NA,NA,NA,NA
,8/7/2015,Prescott National Forest Revision of Land and Resource Management Plan,Forest Service,no,Yes,Yes,No,No,,Land Management Plan,Plan,,NA,NA,NA,NA,NA,NA,NA
,11/2/2018,Prince of Wales Landscape Level Analysis Project,Forest Service,no,Yes,Yes,Yes,No,,Land Management Plan,Project,,NA,NA,NA,NA,NA,NA,NA
,2/28/2020,Proposed East Smoky Panel Mine Project at Smoky Canyon Mine,Bureau of Land Management,no,No,No,No,No,,Mineral Resource Extract,Project,,NA,NA,NA,NA,NA,NA,NA
,12/20/2019,Reinitiation of Consultation on the Coordinated Long-Term Operation of the Central Valley Project and State Water Project,Bureau of Reclamation,no,Yes,Yes,No,Yes,"spill prevention, didn't necessarily see any mitigation specific to EJ, but there were mitigation measures for environmental harm",Water Works,Project,,NA,NA,NA,NA,NA,NA,NA
,9/20/2019,Revision of the Inyo National Forest Land and Resource Management Plan,Forest Service,no,Yes,Yes,No,No,,Land Management Plan,Plan,"They note that because there is little data on the EJ groups it is hard to determine if there will be adverse impacts, but they do not expect any.",NA,NA,NA,NA,NA,NA,NA
,5/8/2020,"Revisions to USDA-APHIS 7 CFR part 340 Regulations Governing the Importation, Interstate Movement, and Environmental Release of Certain Genetically Engineered Organisms",Animal and Plant Health Inspection Service,no,Indeterminate ,Indeterminate,Indeterminate,No,,Conservation/Restoration,Policy,Indeterminate becuase they say that there will be no impacts but do not define the EJ groups or go into any detail on demographics. ,NA,NA,NA,NA,NA,NA,NA
,9/5/2014,Rim Fire Recovery,Forest Service,no,No,No,No,No,,Conservation/Restoration,Project,"They do note that there is a higher proportion of Native Americans in the area in comparison to the state, but they don't explicitly count them as a minority community.",NA,NA,NA,NA,NA,NA,NA
,9/10/2021,Mid-Swan Landscape Restoration and Wildland Urban Interface Project,Department of Agriculture,no,No,No,No,No,,Conserv/Restr,Project,,NA,NA,NA,NA,NA,NA,NA
,9/17/2021,Extension of the Barry M. Goldwater Range Land Withdrawal and Proposed Gila Bend Addition Land Withdrawal,United States Air Force,no,Yes,Yes,Yes,Yes,noise: consult with public,Military Ops,Project,Action type: Gov Facilities?,NA,NA,NA,NA,NA,NA,NA
,9/24/2021,I-69 Ohio River Crossing Project,Federal Highway Administration,no,Yes,Yes,Yes,No,,Transport,Project,,NA,NA,NA,NA,NA,NA,NA
,9/24/2021,Fort Peck Dam Test Release,U.S. Army Corps of Engineers,no,Yes,Yes,Yes,No,,Water Works,Plan,,NA,NA,NA,NA,NA,NA,NA
,10/1/2021,Route 220 Martinsville Southern Connector Study,Federal Highway Administration,no,Indeterminate,Indeterminate,Indeterminate,No,,Transport,Project,Indeterminate becuase they say that there will be no impacts but do not define the EJ groups or go into any detail on demographics. ,NA,NA,NA,NA,NA,NA,NA
,10/1/2021,East 300 Upgrade Project,Federal Energy Regulatory Commission,no,No,No,No,No,,Energy Gen/Trans,Project,,NA,NA,NA,NA,NA,NA,NA
,10/1/2021,East Lateral Xpress Project,Federal Energy Regulatory Commission,no,Yes,Yes,Yes,No,,Energy Gen/Trans,Project,They note that there may be impacts but they are not particularly adverse and would be temporary .,NA,NA,NA,NA,NA,NA,NA
